{"cameraMode":{"drawMode":0,"name":"Shaded","section":"Shading Mode"},"sceneLighting":false,"audioPlay":false,"sceneViewState":{"showFog":true,"showMaterialUpdate":false,"showSkybox":true,"showFlares":true,"showImageEffects":true,"showParticleSystems":true},"in2DMode":false,"pivot":{"x":5.960464477539063e-8,"y":0.8463828563690186,"z":-0.05393040180206299},"rotation":{"x":-0.024840835481882097,"y":-0.868841290473938,"z":0.04382617771625519,"w":-0.4925210773944855},"size":3.982867956161499,"orthographic":true}