{"cameraMode":{"drawMode":0,"name":"Shaded","section":"Shading Mode"},"sceneLighting":true,"audioPlay":false,"sceneViewState":{"showFog":true,"showMaterialUpdate":false,"showSkybox":true,"showFlares":true,"showImageEffects":true,"showParticleSystems":true},"in2DMode":false,"pivot":{"x":0.30000001192092898,"y":2.797100067138672,"z":-2.0},"rotation":{"x":0.2863396108150482,"y":0.24645288288593293,"z":-0.07648103684186936,"w":0.9227249622344971},"size":61.69804000854492,"orthographic":true}